,rank,Youtuber,subscribers,video views,video count,category,started
0,1,T-Series,222000000,198459090822,17317,Music,2006
2,3,Cocomelon - Nursery Rhymes,140000000,135481339848,786,Education,2006
3,4,SET India,139000000,125764252686,91271,Shows,2006
5,6,PewDiePie,111000000,28469458228,4497,Gaming,2010
6,7,MrBeast,102000000,16832456681,726,Entertainment,2012
7,8,✿ Kids Diana Show,99700000,79602288245,1009,People & Blogs,2015
8,9,Like Nastya,99200000,81963845811,702,People & Blogs,2016
10,11,WWE,90200000,70544743313,63077,Sports,2007
11,12,Zee Music Company,86700000,49067711243,6603,Music,2014
12,13,Vlad and Niki,85100000,66498762660,472,Entertainment,2018
13,14,5-Minute Crafts,77100000,23881457195,5581,Howto & Style,2016
14,15,BLACKPINK,76200000,24707415704,397,People & Blogs,2016
16,17,Goldmines,74100000,18533088438,3968,Film & Animation,2012
17,18,Sony SAB,70600000,82473581441,56295,Shows,2007
18,19,BANGTANTV,70000000,17471090750,1787,Music,2012
19,20,Justin Bieber,69700000,28567240999,247,Music,2007
20,21,HYBE LABELS,67800000,24013849120,971,Music,2008
21,22,Canal KondZilla,65900000,36576704790,2313,Music,2012
22,23,Zee TV,63000000,17111576122,60802,Entertainment,2005
23,24,Shemaroo Filmi Gaane,61300000,28579945247,7884,Music,2010
24,25,Pinkfong Baby Shark - Kids' Songs & Stories,59400000,32107290522,2374,Education,2011
25,26,Dude Perfect,58100000,14742860905,297,Sports,2009
26,27,ChuChu TV Nursery Rhymes & Kids Songs,57700000,39266652127,506,Education,2013
27,28,Movieclips,57600000,58839819120,39202,Film & Animation,2006
28,29,Marshmello,55700000,13445424556,401,Entertainment,2015
29,30,Colors TV,55100000,52611504230,87427,Shows,2008
30,31,Wave Music,53400000,37230876862,18622,Music,2014
31,32,EminemMusic,53000000,23717869724,140,Music,2007
32,33,Aaj Tak,52900000,20204939173,196497,News & Politics,2009
33,34,Tips Official,52800000,27883080973,3612,Music,2007
34,35,T-Series Bhakti Sagar,52500000,24278576197,23870,Music,2011
35,36,Sony Music India,52400000,24856641898,3180,Music,2009
36,37,Ed Sheeran,52200000,27881781761,253,Music,2006
37,38,El Reino Infantil,51700000,49895247456,1309,Music,2011
38,39,Ariana Grande,51600000,22158094076,146,Music,2007
39,40,LooLoo Kids - Nursery Rhymes and Children's Songs,49800000,29013984394,553,Music,2014
40,41,YRF,47600000,29366788406,3289,Film & Animation,2006
41,42,Taylor Swift,47100000,25563795998,189,Music,2006
42,43,Billie Eilish,46200000,11999349578,48,Music,2013
43,44,JuegaGerman,46100000,13698034536,1959,Gaming,2013
44,45,BillionSurpriseToys - English Kids Songs & Cartoon,45700000,8590657189,648,Education,2013
45,46,Infobells - Hindi,45600000,25635591765,476,Education,2014
46,47,Badabun,45600000,18567925780,13814,Entertainment,2014
47,48,Fernanfloo,45100000,9966728650,541,Gaming,2011
48,49,Felipe Neto,44300000,15475571879,3512,Entertainment,2006
49,50,BRIGHT SIDE,43900000,10058536263,4540,Howto & Style,2017
50,51,whinderssonnunes,43900000,4120078906,521,Comedy,2013
51,52,Você Sabia?,43300000,7284075395,1315,Entertainment,2013
52,53,HolaSoyGerman.,43300000,4735959546,136,Entertainment,2011
53,54,Katy Perry,43200000,23966278157,118,Music,2008
54,55,SonyMusicIndiaVEVO,42700000,23991411417,3309,Music,2009
55,56,Bad Bunny,42500000,23748805401,123,Music,2014
56,57,Alan Walker,42200000,11731228995,318,Music,2012
57,58,Like Nastya Show,41500000,18745015002,599,Entertainment,2017
58,59,Get Movies,41300000,28559341412,3963,Entertainment,2006
59,60,A4,41200000,16717234472,645,Gaming,2014
60,61,Speed Records,40800000,24558172214,10327,Music,2012
61,62,ABS-CBN Entertainment,40600000,47544242811,179522,People & Blogs,2008
62,63,elrubiusOMG,40400000,7483116325,705,Gaming,2011
63,64,Shemaroo,39700000,20489429972,9707,Entertainment,2007
64,65,Rihanna,39600000,20092128845,79,Entertainment,2005
65,66,Little Baby Bum - Nursery Rhymes & Kids Songs,39500000,37136069429,1989,Education,2011
66,67,Luisito Comunica,39200000,7691260396,1119,Comedy,2012
67,68,Voot Kids,38800000,17685426640,3282,Entertainment,2016
68,69,Маша и Медведь,38700000,32833907997,1198,Film & Animation,2011
69,70,TheEllenShow,38300000,22335550787,14404,Entertainment,2006
70,71,LUCCAS NETO - LUCCAS TOON,37800000,20454693770,1875,People & Blogs,2014
71,72,Ishtar Music,37800000,14999240876,4535,Trailers,2005
72,73,GR6 EXPLODE,37600000,23912270526,4180,Music,2014
73,74,XXXTENTACION,37600000,9725253939,126,Music,2015
74,75,One Direction,37400000,12698961117,157,Music,2010
75,76,Shakira,37200000,23715669906,287,People & Blogs,2005
76,77,Kimberly Loaiza,37200000,4254148920,206,People & Blogs,2016
77,78,WorkpointOfficial,37000000,33773658170,62039,Entertainment,2012
78,79,Daddy Yankee,36800000,20479831396,423,Music,2011
79,80,Toys and Colors,36500000,40932580174,821,Entertainment,2016
80,81,CarryMinati,36300000,2948237121,178,Comedy,2014
82,83,Maroon 5,36000000,20838666788,163,Music,2006
83,84,shfa,35900000,19083355034,847,People & Blogs,2015
84,85,TEDx Talks,35900000,6660397688,185006,Nonprofits & Activism,2009
85,86,shfa2 - شفا,35800000,20816532667,1351,People & Blogs,2017
86,87,Jkk Entertainment,35700000,15133442317,194,Comedy,2017
87,88,Super Simple Songs - Kids Songs,35300000,37440873935,600,Education,2006
88,89,Bruno Mars,35300000,17395825825,97,Music,2006
89,90,Ozuna,35200000,21048440606,137,Music,2016
90,91,Masha and The Bear,35100000,19426654260,935,Shows,2014
91,92,one31,34400000,26969165355,128901,Entertainment,2013
92,93,Goldmines Gaane Sune Ansune,34300000,14212434275,3171,Music,2015
93,94,Like Nastya ESP,33600000,15934957738,630,Entertainment,2017
94,95,J Balvin,33600000,21489532517,134,Music,2011
95,96,Mikecrack,33500000,13775632479,1727,Gaming,2015
96,97,VEGETTA777,33400000,14948682643,7130,Gaming,2008
97,98,Ultra Bollywood,33400000,15508274562,9078,Trailers,2009
98,99,Markiplier,33300000,18701808550,5200,Gaming,2012
99,100,YouTube,33300000,2725286912,540,News & Politics,2005
100,101,ABP NEWS,33200000,10421462788,224455,People & Blogs,2012
101,102,Total Gaming,33200000,5935440954,1894,Gaming,2018
102,103,Maria Clara & JP,33100000,20224535670,627,People & Blogs,2015
103,104,Desi Music Factory,33000000,9481987642,125,Music,2014
104,105,Ryan's World,32900000,51721734476,2198,Entertainment,2015
105,106,Geet MP3,32800000,11575367431,563,Music,2016
106,107,Sony PAL,32700000,23519452138,19383,Shows,2014
107,108,NoCopyrightSounds,32700000,10436881173,1116,Music,2011
108,109,SSSniperWolf,32500000,20583922757,3095,Gaming,2013
109,110,T-Series Apna Punjab,32300000,18933492606,6524,Music,2011
110,111,ARY Digital HD,32200000,25304311207,71075,Entertainment,2016
111,112,KHANDESHI MOVIES,32100000,10676727914,191,Comedy,2013
112,113,IndiaTV,31900000,13417041251,237971,News & Politics,2006
113,114,HAR PAL GEO,31900000,26003463646,61818,Entertainment,2008
114,115,JustinBieberVEVO,31800000,25304909929,205,Music,2009
115,116,Ch3Thailand,31600000,20335720484,76039,Entertainment,2014
116,117,La Granja de Zenón,31500000,22808879757,558,Music,2013
117,118,GENIAL,31400000,6362416164,5453,Howto & Style,2017
118,119,Eros Now Music,31000000,16582648732,9807,Entertainment,2007
119,120,Luis Fonsi,30900000,14480846921,121,Entertainment,2014
120,121,Selena Gomez,30900000,11583101067,182,Film & Animation,2008
121,122,Galinha Pintadinha,30800000,22858782418,62,Film & Animation,2006
122,123,SMTOWN,30800000,25203004950,3951,Music,2006
123,124,Mr Bean,30700000,9936630200,2661,Shows,2006
124,125,Bollywood Classics,30600000,19244430138,2008,Music,2012
125,126,CVS 3D Rhymes & Kids Songs,30500000,18636699832,338,Education,2008
126,127,Ricis Official,30500000,5134450983,2003,People & Blogs,2016
127,128,Trap Nation,30400000,13348694779,2472,Music,2012
128,129,Rajshri,30300000,13287506122,3739,Music,2006
129,130,DisneyMusicVEVO,30100000,24693346235,1771,Music,2010
130,131,Dream,30000000,2673017855,110,Gaming,2014
131,132,The Tonight Show Starring Jimmy Fallon,29900000,16006240303,7897,Comedy,2006
132,133,AH,29900000,4082464979,1809,Entertainment,2014
133,134,Saregama Music,29700000,12147894890,5718,Entertainment,2013
134,135,Spinnin' Records,29600000,20075386002,10826,Music,2007
135,136,rezendeevil,29600000,12599347383,11571,Gaming,2012
136,137,Shawn Mendes,29500000,11742431673,132,Music,2011
138,139,Boram Tube Vlog [보람튜브 브이로그],29400000,13109187449,223,Entertainment,2012
139,140,BabyBus - Kids Songs and Cartoons,29200000,23790606514,1825,Education,2016
140,141,AuronPlay,29200000,3935938048,404,Comedy,2006
141,142,The Weeknd,29100000,19280816380,123,Music,2011
142,143,Maluma,28700000,19638529002,20,Music,2018
143,144,Adele,28700000,12650300730,14,Music,2008
144,145,jacksepticeye,28600000,15485608801,4988,Gaming,2007
145,146,ImagineDragons,28600000,14307239074,67,Music,2009
146,147,Worldwide Records Bhojpuri,28600000,14501468946,5927,Music,2012
147,148,Ultra Music,28600000,16201384834,4665,Music,2006
148,149,Jingle Toons,28600000,9728073444,228,Film & Animation,2013
149,150,ashish chanchlani vines,28600000,4054589048,147,Comedy,2009
150,151,PowerKids TV,28400000,14322875759,2509,Film & Animation,2014
151,152,MrBeast Gaming,28400000,4943059589,132,Gaming,2020
152,153,Peppa Pig - Official Channel,28200000,21008328965,2020,Film & Animation,2013
153,154,قناة طيور الجنة | toyoraljanahtv,28100000,25743323512,3131,Entertainment,2008
154,155,DONA 도나,28100000,18421172559,160,Entertainment,2018
155,156,Techno Gamerz,28100000,7193172591,839,Gaming,2017
156,157,Wow Kidz,28000000,14967441549,3718,Film & Animation,2015
157,158,Talking Tom,28000000,13908482957,447,Comedy,2010
158,159,The Late Late Show with James Corden,27900000,9996299350,5422,Entertainment,2006
159,160,Little Angel: Nursery Rhymes & Kids Songs,27700000,20217178677,1146,Education,2015
160,161,GMANetwork,27600000,26290731375,114067,Entertainment,2006
161,162,KAROL G,27400000,14040459862,121,Music,2013
162,163,TheDonato,27200000,5094142687,2491,Entertainment,2015
164,165,Round2hell,27100000,2862422681,67,Comedy,2016
165,166,infobells - Tamil,26900000,16492704526,460,Education,2014
166,167,Drake,26800000,12947966180,53,Music,2009
167,168,MR. INDIAN HACKER,26800000,4592841527,812,Science & Technology,2012
168,169,Zee News,26700000,12175851183,144314,News & Politics,2007
169,170,ToypuddingTV,26600000,15570902183,2579,Entertainment,2014
170,171,Genevieve's Playhouse - Learning Videos for Kids,26500000,18579474197,578,Education,2016
171,172,Bounce Patrol - Kids Songs,26400000,18891028184,205,Music,2013
172,173,Wiz Khalifa,26400000,12528940373,598,Music,2008
173,174,infobells - Telugu,26300000,13426911345,421,Education,2014
174,175,enchufetv,26300000,10022194205,994,Comedy,2011
175,176,AboFlah,26300000,3589276436,553,Gaming,2016
176,177,DanTDM,26200000,18809615646,3603,Gaming,2012
177,178,Aditya Music,26100000,22661822099,19992,Music,2008
178,179,Lucas and Marcus,26100000,7942766503,968,Entertainment,2011
179,180,WORLDSTARHIPHOP,25900000,19426357466,6259,Music,2008
181,182,Michael Jackson,25800000,12588288710,7,Music,2005
182,183,TaylorSwiftVEVO,25800000,23276597783,239,Music,2009
183,184,toycantando,25800000,13948216340,496,Music,2009
184,185,VanossGaming,25700000,14907579962,1581,Gaming,2011
185,186,LosPolinesios,25600000,7086413849,725,People & Blogs,2012
186,187,1MILLION Dance Studio,25500000,7409442051,4251,Entertainment,2015
187,188,BB Ki Vines,25500000,4371751617,185,Entertainment,2015
188,189,Renato Garcia,25400000,6901320769,3648,Entertainment,2011
189,190,JYP Entertainment,25200000,17152981455,1502,Music,2008
190,191,RihannaVEVO,25200000,18089677017,106,Music,2009
191,192,Nick Jr.,25100000,20691684541,4712,Film & Animation,2012
192,193,Smosh,25000000,10184035967,1366,Comedy,2005
193,194,EminemVEVO,24900000,18786748261,98,Music,2009
194,195,Marília Mendonça,24900000,16477333283,114,Music,2013
195,196,Beyoncé,24900000,15717379166,234,Music,2005
196,197,Yuya,24900000,2583410213,672,Howto & Style,2009
197,198,KatyPerryVEVO,24800000,22679485513,171,Music,2009
198,199,Jess No Limit,24700000,3060187306,1914,Entertainment,2017
199,200,WatchMojo.com,24600000,15650528115,22492,Music,2007
200,201,Las Ratitas,24600000,9217427023,217,People & Blogs,2015
201,202,Nicki Minaj,24500000,9386490086,31,Music,2013
203,204,Goldmines Dishoom,24400000,7143695444,2844,Film & Animation,2016
204,205,David Guetta,24300000,15959928823,633,Music,2009
205,206,Masha y el Oso,24300000,11006209206,840,Film & Animation,2016
206,207,Aditya Movies,24300000,7908171009,4274,Movies,2012
207,208,Netflix,24300000,5678834326,5650,Entertainment,2012
208,209,ZHC,24300000,2224916696,298,Film & Animation,2013
209,210,Post Malone,24200000,12492313399,51,Music,2011
210,211,1theK (원더케이),24200000,22605283252,16928,Music,2011
211,212,Amit Bhadana,24100000,2242631303,93,Entertainment,2012
212,213,Rans Entertainment,24000000,5688277632,3060,People & Blogs,2015
213,214,Chloe Ting,24000000,2735828023,367,Howto & Style,2011
214,215,Sandeep Maheshwari,24000000,1821164544,513,People & Blogs,2012
215,216,Raffy Tulfo in Action,23900000,12797189774,8755,News & Politics,2016
216,217,KSI,23900000,5898102699,1242,Entertainment,2009
217,218,Collins Key,23900000,6368398946,251,Entertainment,2011
218,219,James Charles,23900000,3687600020,406,Entertainment,2015
219,220,Ninja,23900000,2447087199,1418,Gaming,2011
220,221,Coldplay,23500000,15078170011,347,Music,2010
221,222,Logan Paul,23500000,5889189870,712,Entertainment,2015
222,223,DJ Snake,23400000,7645734689,209,Music,2008
223,224,Chris Brown,23400000,13630944140,21,Music,2006
224,225,Happy Lives,23400000,10089784164,596,Science & Technology,2016
225,226,TRANS7 OFFICIAL,23300000,12454676964,78951,Entertainment,2014
226,227,Troom Troom,23200000,9797581328,1992,Howto & Style,2015
227,228,ABPLIVE,23200000,6805551423,146479,People & Blogs,2017
228,229,Mister Max,23100000,14762469807,1046,People & Blogs,2014
229,230,NickyJamTV,23100000,15050718616,328,Music,2012
230,231,Shemaroo Movies,23000000,5590554837,2155,Entertainment,2011
231,232,Sesame Street,22900000,21078177585,3425,Entertainment,2006
232,233,Enrique Iglesias,22900000,16539033540,405,Music,2007
233,234,netd müzik,22800000,50658927334,20482,Music,2014
234,235,Jelly,22800000,14239994409,5667,Gaming,2014
235,236,Erlania e Valentina Pontes,22700000,7556615404,1117,Film & Animation,2014
236,237,DrossRotzank,22500000,5743037460,1508,Entertainment,2006
237,238,Anuel AA,22400000,11627613226,92,Music,2016
238,239,Goldmines Bollywood,22400000,7122122133,2409,Film & Animation,2015
239,240,Miss Katy,22300000,13424354473,990,People & Blogs,2014
240,241,The Chainsmokers,22300000,13337815978,237,Music,2012
241,242,Crazy XYZ,22300000,5869132761,1085,Entertainment,2017
242,243,Frost Diamond,22300000,5357578673,2191,Gaming,2014
243,244,Mark Rober,22300000,2935811566,107,Science & Technology,2011
244,245,The Lallantop,22200000,8155335430,39370,News & Politics,2015
245,246,Technical Guruji,22200000,3065204553,4609,Science & Technology,2015
246,247,GMM GRAMMY OFFICIAL,22100000,24128528075,13755,Music,2010
247,248,HUM TV,22100000,16656148835,59428,Entertainment,2011
248,249,Like Nastya AE,22100000,11179266145,576,Entertainment,2018
249,250,WB Kids,22100000,9340794746,1722,People & Blogs,2015
250,251,Venus Movies,22100000,6293790011,2456,Entertainment,2010
251,252,OneDirectionVEVO,22000000,11550410746,266,Music,2010
252,253,Smile Family,22000000,8261468075,413,People & Blogs,2018
253,254,mmoshaya,21900000,16356422375,1139,People & Blogs,2010
254,255,Lady Gaga,21900000,13835267771,172,People & Blogs,2008
255,256,White Hill Music,21700000,9719487276,5094,Entertainment,2014
256,257,Paulo Londra,21700000,7061442001,52,Music,2016
257,258,America's Got Talent,21700000,4016933296,2751,Entertainment,2006
258,259,TED,21700000,2370380465,4005,People & Blogs,2006
259,260,Sia,21600000,12150226022,144,Music,2007
261,262,Wave Music Bhojpuri,21500000,12148385591,21294,Music,2014
262,263,Peppa Pig Español Latino - Canal Oficial,21500000,6961098158,949,Film & Animation,2014
263,264,FaZe Rug,21500000,6009951177,1997,Gaming,2012
264,265,Goldmines Movies,21400000,4575205400,4025,Film & Animation,2013
265,266,Pen Movies,21200000,5588648749,1569,Film & Animation,2014
266,267,nigahiga,21200000,4357416327,403,Entertainment,2006
267,268,BabyBus - Canciones Infantiles & Cuentos,21100000,11922457689,973,Education,2018
268,269,Enaldinho,21100000,7382859153,2908,Comedy,2012
269,270,SSundee,21000000,12022708572,3067,Gaming,2009
270,271,Tasty,21000000,5508445771,4310,Howto & Style,2016
271,272,FGTeeV,20900000,22567064225,1594,Gaming,2013
272,273,Dua Lipa,20900000,9928011592,164,Music,2011
273,274,5-Minute Crafts DIY,20900000,4934552904,3961,Howto & Style,2018
274,275,Juan De Dios Pantoja,20900000,1601142353,175,Entertainment,2014
275,276,Indosiar,20800000,10126082404,58623,Music,2013
276,277,Like Nastya PRT,20800000,10441789042,529,Entertainment,2019
277,278,Preston,20800000,6955897177,3861,Gaming,2012
278,279,Baim Paula,20800000,4254648656,1957,People & Blogs,2016
279,280,Charlie Puth,20700000,8609202215,132,Music,2009
280,281,Canal Canalha,20700000,1834293432,291,Comedy,2011
281,282,MrBeast en Español,20700000,2290112686,72,Entertainment,2021
282,283,Goldmines Cineplex,20600000,1796017693,2474,Film & Animation,2015
283,284,Brent Rivera,20500000,4655819045,484,Comedy,2009
284,285,Kids TV - Nursery Rhymes And Baby Songs,20400000,11747446967,3367,Shows,2013
285,286,Disney Latinoamérica,20400000,19296050086,7811,Entertainment,2007
286,287,Becky G,20400000,9552800638,73,Music,2011
287,288,Family GamesTV,20400000,7061690830,277,Entertainment,2016
288,289,Jake Paul,20400000,7219140294,934,People & Blogs,2013
289,290,National Geographic,20400000,5199519260,9854,Science & Technology,2006
290,291,Tekashi 6ix9ine,20400000,5325195339,25,People & Blogs,2018
291,292,BuzzFeedVideo,20300000,17755714250,7347,People & Blogs,2011
292,293,Brave Wilderness,20300000,4606459332,718,Pets & Animals,2014
294,295,Avicii,20200000,9499913181,149,Music,2009
295,296,REACT,20100000,12940702514,3885,Entertainment,2007
296,297,LazarBeam,20100000,8389982773,1258,Gaming,2015
297,298,StarPlus,20100000,12116551500,12702,Entertainment,2006
298,299,AuthenticGames,20100000,8852635760,4638,Gaming,2011
299,300,Vevo,20000000,546905035,1519,Music,2006
300,301,Skrillex,20000000,6307539008,180,Music,2010
301,302,Rotana,20000000,16480938259,8109,Music,2012
302,303,Ultra Movie Parlour,20000000,4930920530,1302,Movies,2011
303,304,SlivkiShow,20000000,4345234891,426,Entertainment,2012
304,305,HaerteTest,20000000,3027361293,1160,Science & Technology,2011
305,306,5-Minute Crafts PLAY,19900000,5616881420,4440,Howto & Style,2017
306,307,Alan Becker,19900000,4321286202,116,Film & Animation,2006
307,308,JennaMarbles,19900000,1761774908,250,Comedy,2010
308,309,Mnet K-POP,19800000,15394134862,29028,Entertainment,2006
309,310,Lyrical Lemonade,19800000,9563010656,408,Entertainment,2013
310,311,Pencilmation,19800000,10849211839,1153,Film & Animation,2007
311,312,Tlnovelas,19700000,12776498114,29574,News & Politics,2013
312,313,Pentatonix,19700000,5694327707,235,Music,2011
313,314,Totoy kids - Português,19700000,3826474945,174,Film & Animation,2014
314,315,LankyBox,19600000,25787517689,5545,Comedy,2016
315,316,toyorbabytv,19600000,13978892435,1057,Music,2012
317,318,shane,19600000,4269173489,566,People & Blogs,2005
318,319,Marvel Entertainment,19500000,5098361752,7989,Entertainment,2005
319,320,Noor Stars,19500000,2545886796,627,Comedy,2014
320,321,GMA Public Affairs,19400000,11968987179,37390,Entertainment,2009
321,322,Romeo Santos,19400000,14819598563,28,Music,2005
322,323,Got Talent Global,19400000,7383775138,2454,Entertainment,2013
323,324,Dr. Vivek Bindra: Motivational Speaker,19400000,1478660028,683,Education,2013
324,325,Linkin Park,19300000,11783975855,592,Music,2006
325,326,Gordon Ramsay,19300000,3631748240,1287,Entertainment,2006
326,327,Troom Troom Es,19200000,7139476227,2591,People & Blogs,2016
327,328,Gusttavo Lima Oficial,19200000,11815001366,335,Music,2010
328,329,Kinder Spielzeug Kanal,19200000,9413508600,699,Entertainment,2015
329,330,Infinite,19200000,4383533818,1517,Entertainment,2014
330,331,Deddy Corbuzier,19200000,4075368246,1132,Entertainment,2009
332,333,Robin Hood Gamer,19100000,9328209625,3750,Entertainment,2014
333,334,★ Kids Roma Show,19100000,6410853410,589,People & Blogs,2015
334,335,Fatos Desconhecidos,19100000,3252868093,5240,Entertainment,2013
335,336,JukiLop,19100000,1540403509,85,People & Blogs,2017
336,337,Crafty Panda,19000000,5672497949,613,People & Blogs,2017
337,338,Kurzgesagt – In a Nutshell,19000000,2052293685,161,Education,2013
338,339,DLS News,19000000,1946197106,3559,News & Politics,2017
339,340,NBA,18900000,10791851871,42086,Sports,2005
340,341,Jimmy Kimmel Live,18800000,12472520905,6073,Entertainment,2006
341,342,The ACE Family,18800000,4497282091,668,People & Blogs,2016
342,343,Clash of Clans,18800000,3623586697,553,Gaming,2013
343,344,Sun TV,18700000,13622998578,34648,People & Blogs,2016
344,345,Ninja Kidz TV,18700000,9145485770,267,Entertainment,2017
345,346,Netflix India,18700000,5228700571,2707,People & Blogs,2016
346,347,Beast Reacts,18700000,2528480817,215,People & Blogs,2016
347,348,Britain's Got Talent,18600000,10512530241,3735,Entertainment,2008
348,349,TRT Originals Urdu,18600000,7370103100,740,Entertainment,2020
349,350,Lil Nas X,18600000,5659051618,37,Music,2018
350,351,Calvin Harris,18500000,14886853329,76,Music,2007
351,352,Green Gold TV - Official Channel,18500000,8985315647,1090,Film & Animation,2011
352,353,TheWillyrex,18500000,6957319094,6798,Comedy,2011
353,354,Cardi B,18500000,7069624864,60,People & Blogs,2016
354,355,invictor,18500000,7050721828,2106,Gaming,2013
355,356,shakiraVEVO,18400000,22257341033,189,Music,2009
356,357,CKN,18300000,18786377776,814,Entertainment,2015
357,358,Official Pink Panther,18300000,9942133522,629,Film & Animation,2013
358,359,Sonotek,18300000,7133240982,8169,Entertainment,2011
359,360,MiawAug,18200000,5236302709,3287,Gaming,2014
360,361,KBS WORLD TV,18200000,13926619677,58485,Entertainment,2007
361,362,Turma da Mônica,18200000,13088159940,1094,Film & Animation,2012
362,363,CookieSwirlC,18200000,20938593710,3571,Entertainment,2013
363,364,David Dobrik,18200000,7087407988,536,People & Blogs,2014
364,365,Unbox Therapy,18200000,4332532776,2053,Science & Technology,2010
365,366,The Royalty Family,18200000,4490004408,633,People & Blogs,2017
366,367,A_S Gaming,18200000,2476464261,932,Gaming,2016
367,368,HiMan,18200000,2367699484,326,People & Blogs,2014
368,369,BabyBus - Cerita & Lagu Anak-anak,18100000,10232250581,672,Education,2019
369,370,Dan-Sa / Daniel Saboya,18100000,6165702828,2062,Music,2007
370,371,Vania Mania Kids,18100000,6908411472,825,People & Blogs,2015
371,372,PDK Films,18100000,3910330714,108,Entertainment,2009
372,373,GEN HALILINTAR,18100000,3178960318,969,Entertainment,2015
373,374,ElTrollino,18000000,5486103239,1517,Entertainment,2013
374,375,Мирошка ТВ,18000000,4603751673,84,Education,2018
375,376,TheOdd1sOut,18000000,4023496321,113,Comedy,2014
376,377,INCRÍVEL,18000000,3017467860,5682,People & Blogs,2017
377,378,Emiway Bantai,18000000,3038899728,201,Music,2013
378,379,Vsauce,18000000,2415927927,391,Science & Technology,2007
379,380,Farruko,17900000,8480000414,193,Music,2009
380,381,Diana and Roma EN,17900000,3868166958,424,People & Blogs,2011
381,382,ArianaGrandeVevo,17800000,19011269725,177,Music,2010
382,383,Like Nastya Vlog,17800000,7561933732,397,People & Blogs,2016
383,384,Demi Lovato,17800000,6495131112,282,Music,2008
384,385,Lele Pons,17800000,4958584356,154,Comedy,2015
385,386,Lil Pump,17800000,4091109829,59,Music,2015
386,387,Naisa Alifia Yuriza (N.A.Y),17800000,2521515641,1462,People & Blogs,2017
387,388,SCTV,17700000,8588329369,50080,Entertainment,2011
388,389,Good Mythical Morning,17700000,8074270215,2980,Entertainment,2008
389,390,TheGrefg,17700000,6077820746,3332,Gaming,2012
390,391,Ali-A,17700000,5766028299,3920,Gaming,2006
391,392,Marmok,17700000,3131925799,344,Gaming,2008
392,393,Mother Goose Club Playhouse,17600000,15500399390,1282,Shows,2009
393,394,RsiamMusic : อาร์สยาม,17600000,10952154122,2663,Music,2011
394,395,Little Angel Español - Canciones Infantiles,17600000,8525569510,580,Education,2018
395,396,Познаватель,17600000,8522826642,476,Entertainment,2014
396,397,JFlaMusic,17600000,3657526529,282,Music,2011
397,398,Village Cooking Channel,17600000,4477436881,211,Howto & Style,2018
398,399,FactTechz,17500000,2112929572,578,Entertainment,2016
399,400,Sebastián Yatra,17400000,9316925082,196,News & Politics,2013
400,401,officialpsy,17400000,9825292199,119,Music,2010
402,403,Porta dos Fundos,17400000,7258838590,1960,Entertainment,2012
403,404,Liza Koshy,17400000,2595554113,189,Comedy,2013
404,405,etvteluguindia,17300000,19465295267,111360,Entertainment,2010
405,406,Vijay Television,17300000,19901616359,27059,Entertainment,2007
406,407,TED-Ed,17300000,3287834094,1948,Education,2011
407,408,Stubborn Facts,17300000,827786482,217,Film & Animation,2016
408,409,PopularMMOs,17200000,14475783059,4686,Gaming,2012
409,410,SQUEEZIE,17200000,9258609822,1471,Gaming,2011
410,411,Masha e o Urso,17200000,7131816532,856,Shows,2016
411,412,Willyrex,17200000,4808457361,6686,Gaming,2009
412,413,RobleisIUTU,17200000,4680573231,1145,Entertainment,2013
413,414,EeOneGuy,17200000,3804413513,363,Entertainment,2013
414,415,LuisFonsiVEVO,17100000,14008585257,96,Music,2009
415,416,GRAMMY GOLD OFFICIAL,17100000,17974040182,5334,Music,2014
416,417,SUPER SLICK SLIME SAM,17100000,6078466417,741,Howto & Style,2018
417,418,HowToBasic,17100000,3561001854,563,Howto & Style,2011
418,419,李子柒 Liziqi,17100000,2801548472,128,Howto & Style,2017
419,420,Gaby and Alex,17000000,7942553236,351,Entertainment,2012
420,421,شبكة العاب العرب | Arab Games Network,17000000,7723277433,5515,Gaming,2013
421,422,Kiddiestv Hindi - Nursery Rhymes & Kids Songs,17000000,6221383175,192,Education,2017
422,423,Rafa & Luiz,17000000,6273315738,2184,Entertainment,2015
423,424,Khan GS Research Centre,17000000,1670639781,347,Education,2019
424,425,हिंदी - Genevieve's Playhouse,16900000,9195178282,96,Education,2018
425,426,الـريماس - Al-Remas,16900000,10550888024,2047,Music,2013
426,427,Junya.じゅんや,16900000,9529205653,3150,Entertainment,2020
427,428,Guava Juice,16900000,8614218175,1754,Gaming,2006
428,429,Doggy Doggy Cartoons,16800000,6459285262,4723,Entertainment,2012
429,430,IGN,16800000,14633922961,149770,Gaming,2006
430,431,Jason Derulo,16800000,8808599101,451,Music,2008
431,432,Maya and Mary,16800000,6304251610,539,Entertainment,2013
432,433,DUDU e CAROL,16700000,6530946230,2874,Autos & Vehicles,2013
434,435,Anitta,16700000,6610175435,99,Music,2011
435,436,Werever2morro,16700000,2714071108,972,Entertainment,2007
436,437,Triggered Insaan,16700000,2657491028,265,Comedy,2014
437,438,7clouds,16600000,11637964945,1940,Music,2013
438,439,Tu COSMOPOLIS,16600000,4875900353,6796,People & Blogs,2014
439,440,DeToxoMoroxo,16600000,2212149791,488,Entertainment,2012
440,441,Sourav Joshi Vlogs,16500000,5970849535,1039,People & Blogs,2019
441,442,TheBrianMaps,16500000,4090289417,476,Comedy,2012
442,443,Manual do Mundo,16500000,3367572384,2117,Howto & Style,2006
443,444,SonyMusicSouthVEVO,16400000,15090557603,4304,Music,2014
444,445,zbing z.,16400000,8307904773,2763,Gaming,2014
445,446,Dhar Mann,16400000,8642459264,649,People & Blogs,2018
446,447,IDEAS EN 5 MINUTOS,16400000,3509049258,4658,Howto & Style,2017
447,448,W2S,16300000,4739609055,653,Gaming,2012
448,449,Shemaroo Comedy,16300000,4923411314,3467,Entertainment,2007
449,450,ExtraPolinesios,16300000,4696367446,480,People & Blogs,2012
450,451,Goldmines Great Indian Comedy,16300000,4238595667,2008,Film & Animation,2016
451,452,Prajapati News,16300000,907965523,1081,Comedy,2013
452,453,SOMOY TV,16200000,9476895180,124072,News & Politics,2015
453,454,Sony AATH,16200000,10718891416,14759,Shows,2013
454,455,Miley Cyrus,16200000,6235405830,124,Entertainment,2009
455,456,Sandra Cires Art,16200000,3702173328,953,Howto & Style,2011
456,457,tanboy kun,16200000,3020272233,582,People & Blogs,2016
457,458,Sidhu Moose Wala,16200000,4078330367,111,Music,2017
458,459,Blippi - Educational Videos for Kids,16100000,12991967769,453,Education,2014
459,460,Queen Official,16100000,9723539941,908,Music,2008
460,461,Travis Scott,16100000,7187033169,13,Music,2013
461,462,Les' Copaque Production,16100000,7954662776,1427,Film & Animation,2009
462,463,Zuni and Family,16100000,5830669187,176,People & Blogs,2017
463,464,Sidemen,16100000,4196033350,264,Entertainment,2015
464,465,The Game Theorists,16100000,3546490692,659,Gaming,2009
465,466,Antrax,16100000,2949891202,654,Gaming,2015
466,467,Canal IN,16100000,2573050059,723,People & Blogs,2017
467,468,Dushyant kukreja,16000000,11095340736,571,Entertainment,2015
468,469,TRANS TV Official,16000000,8780937851,123467,Entertainment,2014
469,470,Little Mix,16000000,7047968268,278,Music,2011
470,471,RKD Studios,16000000,4133234619,622,Entertainment,2014
471,472,FailArmy,16000000,2041620563,337,Comedy,2011
472,473,El Reino a Jugar,15900000,10175537321,872,Education,2015
473,474,DopeLyrics,15900000,9803533121,1937,Music,2016
474,475,Boyce Avenue,15900000,6230190520,438,Music,2007
475,476,Camila Cabello,15900000,6086165889,61,Music,2015
476,477,VICE,15900000,4174962442,3694,Entertainment,2005
477,478,Kaykai Salaider,15900000,4248704474,399,Comedy,2011
478,479,Fede Vigevani,15900000,4745414554,865,Howto & Style,2009
479,480,Marques Brownlee,15900000,3082486680,1454,Science & Technology,2008
480,481,jeffreestar,15900000,2575183135,428,Howto & Style,2006
481,482,Apple,15900000,808136104,205,Science & Technology,2005
482,483,Kids Play,15800000,7713981883,545,Entertainment,2018
483,484,Aayu and Pihu Show,15800000,7837311552,352,Comedy,2017
484,485,JJ Olatunji,15800000,3631494389,1183,Gaming,2011
485,486,Katie Angel,15800000,3007947714,732,People & Blogs,2015
486,487,MissaSinfonia,15800000,1918777559,232,Comedy,2011
487,488,AMARINTV : อมรินทร์ทีวี,15700000,11194074075,97231,Entertainment,2014
488,489,Rotten Tomatoes Trailers,15700000,12811981848,9582,Film & Animation,2011
489,490,Pitbull,15700000,11458130113,302,Music,2006
490,491,Enes Batur,15700000,9410061135,1979,Gaming,2012
491,492,Jennifer Lopez,15700000,9512025119,224,Music,2005
492,493,Jason Vlogs,15700000,7137778517,666,Education,2015
493,494,Alejo Igoa,15700000,5276127016,699,Comedy,2014
494,495,Matt Stonie,15700000,3249162653,401,Entertainment,2012
495,496,Caeli YT,15700000,1509244860,545,Entertainment,2010
496,497,Pop Chartbusters,15600000,7817983360,2154,Music,2011
497,498,Tilak,15600000,6132515137,3614,Film & Animation,2020
498,499,AdMe,15600000,4012749893,5356,Entertainment,2015
499,500,FunFun Toy Doll TV,15500000,6948469648,706,Entertainment,2016
500,501,News24,15500000,5982443648,157377,News & Politics,2014
501,502,Roman Atwood Vlogs,15500000,5442036950,1726,People & Blogs,2013
502,503,Dyland PROS,15500000,1294519810,1803,Entertainment,2015
503,504,Gato Galactico | GALÁXIA,15400000,5602802498,2085,Film & Animation,2013
504,505,FitDance,15400000,6541827030,3537,Music,2013
506,507,wifistudy,15400000,2805232542,46290,Education,2014
508,509,RCTI - LAYAR DRAMA INDONESIA,15300000,12818689835,58886,Entertainment,2015
509,510,SriBalajiMovies,15200000,8199671601,16953,Entertainment,2011
510,511,Oyuncak Avı,15200000,8085387780,544,Entertainment,2014
511,512,AdeleVEVO,15200000,11470355227,51,Music,2009
512,513,Camilo,15200000,6003697328,80,Music,2010
513,514,Kerajinan 5-Menit,15200000,4465727515,3392,People & Blogs,2018
514,515,Bizarrap,15200000,4683488651,78,Comedy,2017
515,516,T3ddy,15200000,2528566554,1700,Comedy,2012
516,517,Musas,15200000,2359375167,611,Howto & Style,2012
517,518,Dan Rhodes,15100000,10715145365,1315,Entertainment,2015
518,519,With Kids[위드키즈],15100000,7990515155,863,Entertainment,2012
519,520,And TV,15100000,11583824903,26477,Entertainment,2015
520,521,TheRichest,15100000,2919203136,2206,Education,2014
521,522,LOKESH GAMER,15100000,1535589708,1186,Gaming,2017
522,523,Technoblade,15100000,1488692745,988,Gaming,2013
523,524,Ch7HD,15000000,11688798550,49889,Entertainment,2010
524,525,POPS Kids,15000000,8678492072,4478,Music,2014
525,526,SAM SMITH,15000000,8769075543,67,Music,2012
526,527,Like Nastya IDN,15000000,6483845834,430,Entertainment,2019
527,528,Like Nastya VNM,15000000,8132415475,456,Entertainment,2019
528,529,5-Minute Crafts FAMILY,15000000,5438131771,3440,People & Blogs,2018
529,530,zayn,15000000,4559692349,14,Music,2016
530,531,Makiman131,15000000,4484263923,3102,Gaming,2013
531,532,حِرف إبداعية في 5 دقائق,15000000,4160511912,4404,Howto & Style,2017
532,533,Stokes Twins,15000000,2774875062,216,People & Blogs,2008
533,534,Ranz Kyle,15000000,1678559984,479,People & Blogs,2008
534,535,НТВ,14900000,439098,1,People & Blogs,2008
535,536,Henrique e Juliano,14900000,12484253152,285,Music,2009
536,537,LEGO,14900000,18840617532,28683,Entertainment,2005
537,538,Volga Video,14900000,9171517368,18735,Film & Animation,2012
538,539,Lahari Music | T-Series,14900000,10469251425,8169,Music,2011
539,540,Kwebbelkop,14900000,6655475239,4951,Gaming,2008
540,541,Talking Tom & Friends,14900000,6178735188,392,Entertainment,2010
541,542,Mariale,14900000,2568493946,1918,Howto & Style,2010
542,543,Harsh Beniwal,14900000,1630452954,158,Comedy,2015
543,544,GMMTV OFFICIAL​​,14800000,10387146066,19368,Entertainment,2010
544,545,BIGBANG,14800000,7353265213,776,Music,2005
545,546,La Rosa de Guadalupe,14800000,8349695433,5225,Entertainment,2015
546,547,Dave and Ava - Nursery Rhymes and Baby Songs,14800000,9864262216,732,Education,2014
547,548,League of Legends,14800000,6604382784,1340,Gaming,2009
548,549,Super Senya,14800000,4790199895,525,Entertainment,2016
549,550,Lachlan,14800000,5013387703,3646,Gaming,2013
550,551,Reaction Time,14800000,4255591418,1684,Entertainment,2015
551,552,ERB,14800000,3905723697,85,Entertainment,2006
552,553,YOLO AVENTURAS,14800000,3689834035,976,People & Blogs,2018
553,554,MrBeast Shorts,14800000,1938796955,87,People & Blogs,2020
554,555,Niana Guerrero,14800000,1359023136,391,Entertainment,2013
555,556,Zé Neto e Cristiano,14700000,10398104437,212,Music,2012
556,557,Dangal TV Channel,14700000,8282592676,8625,Entertainment,2017
557,558,MK MUSIC,14700000,7773089325,4624,Music,2010
558,559,NDTV India,14700000,5647481648,65241,News & Politics,2008
559,560,les boys tv2,14700000,4518966874,381,Entertainment,2017
560,561,iTownGamePlay *Terror&Diversión*,14700000,4784433628,7674,Entertainment,2012
561,562,Planeta das Gêmeas,14700000,4468774867,899,People & Blogs,2015
562,563,IDEIAS INCRÍVEIS,14700000,3498040367,4643,Howto & Style,2017
563,564,Linus Tech Tips,14700000,6062569897,5864,Science & Technology,2008
564,565,Maroon5VEVO,14600000,18917303323,143,Music,2009
565,566,Major Lazer Official,14600000,8886913617,407,Music,2009
566,567,Jorge & Mateus Oficial,14600000,7981563626,294,Music,2008
567,568,NMF News,14600000,6090840731,95987,News & Politics,2013
568,569,BBC News Hindi,14600000,5544547819,16437,News & Politics,2009
569,570,Lilly Singh,14600000,3480250258,858,Comedy,2010
570,571,MattyBRaps,14600000,3226020734,175,Music,2010
571,572,Daftar Populer,14600000,1859586741,2898,Education,2017
572,573,LEGENDA FUNK,14600000,1310544121,2250,Music,2013
573,574,SelenaGomezVEVO,14500000,10323589482,183,Music,2009
574,575,El Payaso Plim Plim,14500000,12573029533,992,Film & Animation,2013
575,576,Fueled By Ramen,14500000,12629200270,1190,Music,2006
576,577,Thairath Online,14500000,11995915981,209097,News & Politics,2010
577,578,CollegeHumor,14500000,7331868655,3307,Comedy,2006
579,580,Zhong,14500000,9685321623,1081,Entertainment,2015
580,581,Wow Kidz Action,14500000,6378481319,1445,Film & Animation,2017
581,582,News18 India,14500000,5069817134,120858,News & Politics,2007
582,583,XpressTV,14500000,3644137000,630,Entertainment,2014
583,584,Maha Fun Tv,14500000,2385190008,51,Entertainment,2017
584,585,Mobile Legends: Bang Bang Official,14500000,2655046551,2410,Gaming,2016
585,586,حقائق وأسرار,14500000,2175911149,1312,Entertainment,2016
586,587,Drawblogs,14500000,1694934569,362,Entertainment,2014
587,588,Canal Nostalgia,14500000,1416689094,370,Entertainment,2008
588,589,Fifth Harmony,14400000,7526971366,67,Music,2013
589,590,Team Films Bhojpuri,14400000,6164527861,20085,Music,2014
590,591,Chad Wild Clay,14400000,6161605244,630,Comedy,2006
591,592,Boram Tube ToysReview [보람튜브 토이리뷰],14400000,4914128767,568,People & Blogs,2016
592,593,Martin Garrix,14400000,5558117744,305,Music,2011
593,594,LIV Crime,14400000,7061275751,4281,People & Blogs,2020
594,595,Super Polina,14400000,4812187551,539,People & Blogs,2014
595,596,Rclbeauty101,14400000,3919524704,478,Comedy,2010
596,597,TWICE,14400000,3733683543,852,Music,2016
597,598,Arif muhammad,14400000,3400090845,428,People & Blogs,2017
598,599,Cyprien,14400000,3005899595,205,Comedy,2007
599,600,The Slow Mo Guys,14400000,2346592288,297,Entertainment,2010
600,601,Дима Масленников,14400000,2013234398,401,Entertainment,2014
601,602,Genierock,14300000,13310308313,1540,Music,2008
602,603,mujjuu___14,14300000,9548597909,556,People & Blogs,2020
603,604,PlayStation,14300000,4230572281,17878,Gaming,2005
604,605,Gyan Gamingㅤ,14300000,2081351545,2514,Gaming,2017
605,606,Zach King,14300000,2014152450,398,Entertainment,2013
606,607,It's Mamix,14300000,1547521967,200,People & Blogs,2017
607,608,Hear This Music,14200000,8511385256,38,Music,2016
608,609,Unspeakable,14200000,7365642885,668,Gaming,2016
609,610,SIS vs BRO,14200000,6767838159,357,Entertainment,2016
610,611,Mohamed Ramadan I محمد رمضان,14200000,4812994887,599,People & Blogs,2014
611,612,Trap City,14200000,4885163357,2554,Music,2012
612,613,Totoy kids - Español,14200000,4533034236,167,Film & Animation,2017
613,614,Camila Loures,14200000,4189052804,3429,Music,2014
614,615,Zach Choi ASMR,14200000,2512937687,638,People & Blogs,2014
615,616,MalumaVEVO,14100000,17905081262,168,Music,2011
616,617,ABS-CBN News,14100000,9438904191,174684,News & Politics,2009
617,618,CNN,14100000,12083277333,155569,News & Politics,2005
618,619,Zee Music Classic,14100000,5021164640,964,Music,2014
619,620,ช่อง8 : Thai Ch8,14100000,5221155648,20582,Entertainment,2011
620,621,Daily Dose Of Internet,14100000,4265711762,396,Entertainment,2015
621,622,Invento na Hora,14100000,3851507257,1189,Film & Animation,2014
622,623,#Refugio Mental,14100000,3410001605,688,Entertainment,2013
623,624,Anasala I أنس و أصالة,14100000,3068619934,407,Entertainment,2017
624,625,Мастерская Настроения,14000000,3636809960,891,Entertainment,2013
625,626,Aphmau,14000000,13364784369,3996,Gaming,2012
626,627,O Canal do Joãozinho - Little Angel Português,14000000,7752154061,649,Entertainment,2018
627,628,Трум Трум,14000000,6272005457,1987,Howto & Style,2015
628,629,AM3NlC,14000000,4816638383,5446,Gaming,2012
629,630,F2Freestylers - Ultimate Soccer Skills Channel,14000000,3152582636,777,Sports,2011
630,631,A2 Motivation by {Arvind Arora},13900000,8013016996,2340,Entertainment,2017
631,632,Taarak Mehta Ka Ooltah Chashmah,13900000,8048210407,2519,Entertainment,2014
632,633,EdisonPts,13900000,5606959168,3490,Gaming,2013
633,634,UFC - Ultimate Fighting Championship,13900000,5422335319,12258,Sports,2006
634,635,Kuplinov ► Play,13900000,5778034318,6400,Gaming,2012
635,636,CoryxKenshin,13900000,5816295650,1628,Gaming,2009
636,637,DM - Desi Melodies,13900000,5056080182,45,Music,2017
637,638,Bie The Ska,13900000,4427609230,1349,Entertainment,2006
638,639,Saad Lamjarred | سعد لمجرد,13900000,3931202248,156,Music,2012
639,640,Doc Tops,13900000,2469411668,437,Entertainment,2014
640,641,Mis Pastelitos,13900000,2382268150,534,Howto & Style,2014
641,642,NikkieTutorials,13900000,1562768226,852,Howto & Style,2008
642,643,FC Barcelona,13800000,2203376862,9960,Sports,2006
643,644,Blippi Español,13800000,7685405847,408,People & Blogs,2017
644,645,Daniel LaBelle,13800000,7013383323,224,Comedy,2009
645,646,melanie martinez,13800000,3835968267,96,Music,2007
646,647,Rosanna Pansino,13800000,4057054946,1007,Howto & Style,2010
647,648,Auron,13800000,2583408205,694,People & Blogs,2013
648,649,NOBRU,13700000,225191097,344,Gaming,2016
649,650,Mazhavil Manorama,13700000,13822177908,70454,Entertainment,2011
650,651,MNCTV OFFICIAL,13700000,7394853164,54722,Entertainment,2012
651,652,ADEL et SAMI,13700000,5660289473,362,Entertainment,2018
652,653,NichLmao,13700000,7269291992,562,People & Blogs,2018
653,654,Hongyu ASMR 홍유,13700000,4285457943,515,People & Blogs,2018
654,655,Dang Matt Smith,13700000,3101895284,1372,Entertainment,2011
655,656,Darkar Company Studios,13700000,2201167967,164,Film & Animation,2009
656,657,MAIKI021,13700000,1893820151,2919,Entertainment,2008
657,658,Wengie,13700000,1882235841,373,Howto & Style,2010
658,659,GMM25Thailand,13600000,8727207691,53533,Entertainment,2011
659,660,50 Cent,13600000,8649139354,417,Music,2007
660,661,Lyna,13600000,5801199256,4452,Gaming,2014
661,662,TazerCraft,13600000,5325454303,3977,Gaming,2011
662,663,CrashCourse,13600000,1699669363,1436,Education,2006
663,664,Zig & Sharko,13500000,8306091825,826,Film & Animation,2015
664,665,5-Minute Crafts Recycle,13500000,7508843409,2770,People & Blogs,2019
665,666,Aadishakti Films,13500000,5860777243,4599,Music,2016
666,667,infobells,13500000,4977566807,463,Education,2011
667,668,The World Adventures हिन्दी,13500000,2116009610,854,People & Blogs,2016
668,669,PlayHard,13500000,1926532344,2138,Gaming,2014
669,670,Neha Kakkar,13500000,1792757553,122,Music,2012
670,671,ZEE5,13400000,15778544226,69731,Entertainment,2018
671,672,Jake Fellman,13400000,10047123955,352,Entertainment,2012
672,673,ABC News,13400000,11589784991,71206,News & Politics,2006
673,674,Gallina Pintadita,13400000,9054727117,59,Music,2011
674,675,Telemundo,13400000,7855326888,18325,Entertainment,2007
675,676,Wesley Safadão,13400000,7301307830,371,Music,2009
676,677,AzzyLand,13400000,6045422126,1620,Gaming,2015
677,678,FAPTV,13400000,4975821188,595,Comedy,2014
678,679,TV Ana Emilia,13400000,4344884807,493,People & Blogs,2014
679,680,Harry Styles,13400000,4427208053,13,People & Blogs,2017
680,681,Lindsey Stirling,13400000,3533680308,172,Music,2007
681,682,Kurt Hugo Schneider,13400000,3659613327,681,Entertainment,2007
682,683,Narins Beauty,13400000,2046344368,406,Howto & Style,2014
683,684,Kim Loaiza,13400000,1092248349,12,Music,2019
684,685,YOLO,13400000,638326662,117,Comedy,2015
685,686,jbalvinVEVO,13300000,19691312985,235,Music,2010
686,687,Atlantic Records,13300000,11695828552,1421,Music,2006
687,688,Wish 107.5,13300000,5259245361,1552,Music,2014
688,689,H2ODelirious,13300000,4229571870,3027,Gaming,2007
690,691,MyMissAnand,13200000,4522774674,275,People & Blogs,2014
691,692,PrestonPlayz,13200000,4655009420,694,Gaming,2018
692,693,123 GO! Spanish,13200000,4639173668,340,People & Blogs,2019
693,694,Anaysa,13200000,3173575287,490,Howto & Style,2012
694,695,JD Pantoja,13200000,1380896972,16,People & Blogs,2017
695,696,ETV Jabardasth,13100000,12102023764,7805,People & Blogs,2015
696,697,theRadBrad,13100000,5791129136,7672,Gaming,2006
697,698,SRK MUSIC,13100000,5680652976,4895,Music,2012
698,699,The LaBrant Fam,13100000,4606244054,586,Comedy,2012
700,701,MSA previously My Story Animated,13100000,5149512811,838,Film & Animation,2019
701,702,The Q,13100000,4064473466,276,People & Blogs,2017
702,703,Desi Gamers,13100000,1938724616,1223,Gaming,2015
703,704,Matheus Yurley,13100000,741066278,238,Entertainment,2015
704,705,Calon Sarjana,13000000,10664585,29,Entertainment,2016
705,706,Saturday Night Live,13000000,13581231885,7996,Entertainment,2013
706,707,EnriqueIglesiasVEVO,13000000,14773705750,137,Music,2009
707,708,Поззи,13000000,6244275339,3000,People & Blogs,2012
708,709,The MriDul,13000000,3545774062,96,Comedy,2015
709,710,Conor Maynard,13000000,2581452824,282,Music,2006
710,711,DALLMYD,13000000,1738311790,616,Sports,2011
711,712,ГЛЕНТ,13000000,926279238,221,People & Blogs,2019
712,713,Coke Studio,12900000,3274234309,529,Music,2014
713,714,BeyoncéVEVO,12900000,13130570880,167,Music,2009
714,715,O Reino Infantil,12900000,9539435945,1055,Music,2014
715,716,twenty one pilots,12900000,4621224472,173,Music,2009
716,717,Gulshan Kalra,12900000,6130500064,339,Howto & Style,2018
717,718,How Ridiculous,12900000,5543670656,390,Sports,2009
718,719,Matt Steffanina,12900000,2970575636,486,Entertainment,2011
719,720,The Shiny Peanut,12900000,2839759455,2331,Education,2016
720,721,NishaMadhulika,12900000,2639885987,1931,Howto & Style,2009
721,722,ATHLEAN-X™,12900000,2162786560,1296,Howto & Style,2006
722,723,O Que Não Dizer Oficial,12900000,1636814649,511,Comedy,2015
723,724,Alex Gonzaga Official,12900000,1300528162,238,People & Blogs,2017
724,725,Everson Zoio,12900000,990362305,587,Comedy,2009
725,726,Infobells Bangla,12800000,6165983944,284,Education,2016
726,727,SMOL,12800000,13067020729,1960,People & Blogs,2021
727,728,RedeTV,12800000,8366717082,36800,Entertainment,2011
728,729,Crazy Frog,12800000,6887508307,33,Music,2009
729,730,MrSuicideSheep,12800000,6722961376,3212,Entertainment,2010
730,731,T-Series Hamaar Bhojpuri,12800000,6334967135,9347,Entertainment,2011
731,732,Ray William Johnson,12800000,6682031898,1354,Entertainment,2008
732,733,Zee Telugu,12800000,6224195587,86735,Entertainment,2008
733,734,Katakit Baby TV,12800000,5243185280,169,Music,2010
734,735,Typical Gamer,12800000,3948852379,3931,Gaming,2008
735,736,BBC News,12800000,3841146030,16397,News & Politics,2006
736,737,PowerfulJRE,12800000,2266640311,765,People & Blogs,2013
737,738,CookingShooking Hindi,12800000,1609903713,393,People & Blogs,2017
738,739,Hacksmith,12800000,1343814218,745,Science & Technology,2006
739,740,Dear Sir,12800000,918548566,482,Education,2016
740,741,Tsuriki Show,12700000,19472063469,1617,Entertainment,2019
741,742,NickiMinajAtVEVO,12700000,8367047990,93,Music,2010
742,743,Like Nastya Stories,12700000,6055781883,389,Entertainment,2019
743,744,Top Viral Talent,12700000,6503369315,2282,Entertainment,2014
744,745,Jazzghost,12700000,4639145138,5111,Gaming,2012
745,746,Ei Nerd,12700000,3207538507,5219,Entertainment,2013
746,747,#Refúgio Mental,12700000,2582093496,758,Entertainment,2013
747,748,أترو/Atro,12700000,2138416538,1544,Gaming,2017
748,749,Ami Rodriguez,12600000,1986603595,358,Entertainment,2009
749,750,That Little Puff,12600000,10768365983,542,Pets & Animals,2020
750,751,Hungria Hip Hop,12600000,3960601978,44,Music,2013
751,752,BBC,12600000,8830704358,12973,Pets & Animals,2005
752,753,Lady Diana,12600000,7265803610,1273,Entertainment,2016
753,754,T-Series Regional,12600000,5169203026,15573,Entertainment,2011
754,755,Blossom,12600000,4270306760,533,Howto & Style,2017
755,756,Crescendo com Luluca,12600000,4241651530,1107,Entertainment,2015
756,757,7 Minutoz,12600000,3916931694,511,Music,2012
757,758,TKOR,12600000,3337753407,1430,Education,2010
758,759,BIBO와 장난감,12600000,2875252577,152,Entertainment,2016
759,760,Veritasium,12600000,1795358843,336,Education,2010
760,761,Goldmines Premiere,12600000,1629550071,530,Entertainment,2013
761,762,SAAIHALILINTAR,12600000,1104329570,405,Entertainment,2012
762,763,Health Time,12600000,978876224,1604,Howto & Style,2016
763,764,Ja Mill,12500000,1302818088,567,People & Blogs,2016
764,765,JesseAndMike,12500000,9102860878,630,Entertainment,2007
765,766,Disney Junior,12500000,11451399743,3261,Entertainment,2008
766,767,VexTrex,12500000,7198667373,3133,Entertainment,2014
767,768,Zee Bangla,12500000,5283086890,76545,Entertainment,2008
768,769,Awakening Music,12500000,4944109812,709,Music,2006
769,770,Lokdhun Punjabi,12500000,4372757487,1399,Music,2010
770,771,Parafernalha,12500000,4547822776,1498,Entertainment,2011
771,772,Rebecca Zamolo,12500000,4747533461,856,Comedy,2011
772,773,Juliana Baltar,12500000,3211108711,1431,Entertainment,2010
773,774,StudyIQ IAS,12500000,2940312253,34843,Education,2015
774,775,gymvirtual,12500000,2352844574,1414,Sports,2010
775,776,Knowledge Tv हिन्दी,12500000,1446664137,1041,People & Blogs,2014
776,777,キッズライン♡Kids Line,12400000,10743601694,5581,People & Blogs,2011
777,778,KOMPASTV,12400000,9025460804,225232,News & Politics,2013
778,779,Meghan Trainor,12400000,7312991342,89,People & Blogs,2008
779,780,Ajay Sharma,12400000,9181398526,607,Entertainment,2012
781,782,elliegoulding,12400000,6556822629,104,Music,2007
782,783,Sony Music South,12400000,7036027389,1574,Music,2014
783,784,karameeshchannel,12400000,8199848915,2122,Entertainment,2012
784,785,Melon City Show - برنامج ولاية بطيخ,12400000,5477760778,1592,Comedy,2016
785,786,DJ Khaled,12400000,6054112231,39,Music,2018
786,787,Adexe & Nau,12400000,4440271314,529,Music,2013
787,788,SR Toys Collection,12400000,4007664795,984,Entertainment,2012
788,789,CaseyNeistat,12400000,3044339760,1068,People & Blogs,2010
789,790,Talking Angela,12400000,3284897861,204,Entertainment,2014
790,791,Jordan Matter,12400000,3368183197,355,Entertainment,2006
791,792,Kabita's Kitchen,12400000,2338362639,1234,Howto & Style,2014
792,793,LOUD,12400000,2305594041,1126,Gaming,2019
793,794,Brawl Stars,12400000,1796220780,130,Gaming,2017
794,795,Piuzinho,12400000,1022959848,463,Gaming,2015
795,796,People Vs Food,12400000,959616512,384,Entertainment,2013
796,797,DisneyChannelUK,12300000,11606288094,3238,Music,2007
797,798,Little Baby Bum en Español,12300000,6706548354,1182,Education,2014
798,799,JOJO TV - Hindi Stories,12300000,4679118911,925,Education,2016
799,800,Troom Troom PT,12300000,4219567300,2430,Howto & Style,2015
800,801,Peppa Pig em Português Brasil - Canal Oficial,12300000,3807810342,1066,Film & Animation,2014
801,802,Gibby :),12300000,2761291454,203,People & Blogs,2014
802,803,Blockbuster Movies,12300000,2286659867,344,Entertainment,2016
804,805,Come Play With Me,12200000,14390156987,367,Entertainment,2014
805,806,The Dodo,12200000,7908428418,6993,Pets & Animals,2014
806,807,Just For Laughs Gags,12200000,7856644944,6411,Comedy,2007
807,808,Think Music India,12200000,8959285840,3931,Music,2009
808,809,ماشا و الدب,12200000,6201317137,751,Shows,2017
809,810,Troom Troom India,12200000,6308397105,2070,Howto & Style,2015
810,811,HZHtube Kids Fun,12200000,3956552948,674,Entertainment,2015
811,812,Its JoJo Siwa,12200000,3817813233,707,Entertainment,2015
812,813,My Mate Nate,12200000,2748616115,981,Comedy,2014
813,814,Bela Bagunça,12200000,2770979129,921,People & Blogs,2015
814,815,Mythpat,12200000,2590550091,322,Entertainment,2018
815,816,GMA News,12100000,10471677314,329711,News & Politics,2007
816,817,Future,12100000,8747974258,48,Music,2011
817,818,Codiscos,12100000,9823385812,6967,Music,2007
818,819,Jass Records,12100000,5294095545,4241,Music,2014
819,820,DeGoBooM,12100000,4732355492,3062,Gaming,2014
820,821,FIFA,12100000,3904515416,9589,Sports,2006
821,822,Más SKabeche,12100000,2746045885,632,Travel & Events,2015
822,823,Davie504,12100000,2329241574,793,Entertainment,2011
823,824,Trakin Tech,12100000,1809901493,3285,Science & Technology,2011
824,825,ChrisBrownVEVO,12000000,12493403632,290,Music,2009
825,826,Migos ATL,12000000,6370982440,100,Music,2012
826,827,Lana Del Rey,12000000,5676001571,40,Music,2011
827,828,DaniRep | +6 Vídeos Diarios De GTA 5 Online!,12000000,6447519975,10858,Gaming,2012
828,829,Компот,12000000,5850856870,1863,Gaming,2013
829,830,Geo News,12000000,5358131096,153929,News & Politics,2007
830,831,NDTV,12000000,4510236068,126906,Entertainment,2006
831,832,NORMAN FAIT DES VIDÉOS,12000000,2681755121,205,Comedy,2011
832,833,RaptorGamer,12000000,2522809876,1207,People & Blogs,2016
834,835,Narendra Modi,12000000,2265382511,17104,News & Politics,2007
835,836,Kylie Jenner,12000000,753341022,148,People & Blogs,2015
836,837,Troom Troom Indonesia,11900000,5012830809,1568,People & Blogs,2019
837,838,Avril Lavigne,11900000,5636275144,140,Music,2005
838,839,The Infographics Show,11900000,4349105305,3445,Education,2011
840,841,Azhan5star,11900000,6371101819,365,Entertainment,2021
841,842,CHHOTU KI MASTI,11900000,4064045560,106,Comedy,2018
842,843,Yudist Ardhana,11900000,3925624169,2126,Entertainment,2016
843,844,Vogue,11900000,3533048715,2756,Entertainment,2008
844,845,Sonotek Bhakti,11900000,3661572976,7428,Entertainment,2010
845,846,BanderitaX,11900000,3347502658,1474,Gaming,2013
846,847,Lulu99,11900000,2140151369,496,Entertainment,2015
847,848,Planet Earth INDIA,11900000,1722795279,630,People & Blogs,2011
848,849,colinfurze,11900000,1472027354,350,Entertainment,2006
849,850,Ice Cream Rolls,11900000,1469047858,1528,Entertainment,2011
850,851,Yair17,11900000,1248384511,962,Gaming,2014
851,852,CalvinHarrisVEVO,11800000,13615089843,173,Music,2009
852,853,Rauw Alejandro,11800000,9232920975,114,Music,2014
853,854,Jamuna TV,11800000,9144058244,84071,News & Politics,2017
854,855,MBC مصر,11800000,7784893932,40608,Entertainment,2012
855,856,CNCO,11800000,6881836992,172,Music,2015
856,857,Kids TV India Hindi Nursery Rhymes,11800000,5473328070,1185,Shows,2014
857,858,DANIEL EL TRAVIESO VIDEOS,11800000,4755190859,324,Comedy,2014
858,859,Kluna Tik,11800000,4208225754,275,Entertainment,2014
859,860,MrGear,11800000,3241537148,766,Science & Technology,2015
860,861,E-MasterSensei,11800000,3235532845,1151,Gaming,2016
861,862,Timba Vk,11800000,2538254830,890,Gaming,2012
862,863,MORGENSHTERN,11800000,2085751416,131,Music,2013
864,865,TommyInnit,11800000,1590238217,289,Gaming,2015
865,866,Tfue,11800000,1461546183,741,Gaming,2014
866,867,Bispo Bruno Leonardo,11800000,1882150122,3439,Nonprofits & Activism,2016
867,868,TsMadaan,11800000,1329092064,1687,Howto & Style,2008
868,869,EU FICO LOKO,11800000,1190135430,1605,Comedy,2010
869,870,Technology Gyan,11800000,920996435,924,Science & Technology,2015
871,872,Wave Music Bhakti,11700000,4770280667,19108,Music,2011
872,873,FFUNTV,11700000,9325685889,364,Gaming,2018
873,874,Natti Natasha,11700000,7264301648,130,Music,2015
874,875,Netflix Jr.,11700000,7314674893,1563,Education,2012
875,876,Nat and Essie,11700000,6890942780,959,Film & Animation,2015
876,877,Mor Haryanvi,11700000,5768686721,402,Music,2015
877,878,Luan Santana,11700000,4908116204,371,Music,2009
878,879,Koo Koo TV - Hindi,11700000,4265761191,927,Education,2017
879,880,123 GO!,11700000,4356636895,377,People & Blogs,2019
880,881,Naz | ناز,11700000,2002897892,917,People & Blogs,2016
881,882,Rubius Z,11700000,1828200652,429,Comedy,2006
882,883,emma chamberlain,11700000,1531833342,283,Entertainment,2016
883,884,Dani Russo Tv,11700000,602060711,280,Comedy,2014
884,885,FrontaL Gaming,11700000,255073454,108,Gaming,2015
885,886,eltrece,11600000,11106097841,149786,Entertainment,2014
886,887,Alan Chikin Chow,11600000,11876297990,508,Comedy,2020
887,888,Луномосик,11600000,5052785110,460,People & Blogs,2015
888,889,Akon,11600000,5289951047,37,Music,2005
889,890,Halsey,11600000,4412088740,51,Music,2014
890,891,Republic Bharat,11600000,5041539626,49789,News & Politics,2019
891,892,SBT,11600000,3375080065,25710,Comedy,2008
892,893,办公室小野 Ms Yeah,11600000,3339092378,351,People & Blogs,2017
893,894,Morgz,11600000,2723781007,735,Gaming,2014
894,895,First We Feast,11600000,2485814338,819,Howto & Style,2014
895,896,P!NK,11500000,7211913487,13,Music,2006
896,897,YoungBoy Never Broke Again,11500000,11015842469,475,Entertainment,2015
897,898,TV9 Bharatvarsh,11500000,7314674032,193940,People & Blogs,2018
898,899,Wassabi,11500000,4592238139,1119,Entertainment,2006
899,900,Luli Pampín,11500000,6102648062,225,Music,2012
900,901,Duo Tiempo De Sol,11500000,5733616887,278,Music,2013
901,902,Wild 'N Out,11500000,4418589089,1267,Entertainment,2006
902,903,LipaoGamer,11500000,3837227706,10901,Gaming,2011
903,904,Make Joke Of,11500000,1832620830,42,Comedy,2017
904,905,Garena Free Fire LATAM,11500000,1587661793,1425,People & Blogs,2018
905,906,Hero Movies 2022,11500000,1418615214,329,People & Blogs,2017
906,907,YtCrash,11400000,3825084,1,Education,2015
907,908,infobells - Kannada,11400000,5209512047,353,Education,2014
908,909,Black Eyed Peas,11400000,9492696997,39,Music,2007
909,910,Annoying Orange,11400000,7893769128,1861,Shows,2010
910,911,웃웃TwinsFromRussia,11400000,7802486828,3589,People & Blogs,2011
911,912,Biper y sus Amigos,11400000,4991697738,119,Music,2012
912,913,Vy Qwaint,11400000,5409544753,528,Howto & Style,2014
913,914,Маша та Ведмідь,11400000,4942306057,994,Shows,2014
914,915,MC Divertida,11400000,4440911293,347,Entertainment,2018
915,916,BBC Earth,11400000,4069124046,2248,Pets & Animals,2009
916,917,CrazyRussianHacker,11400000,3011607663,1970,Science & Technology,2012
917,918,ExpCaseros,11400000,2515501575,1023,Howto & Style,2012
918,919,الجانب المُشرق | Bright Side Arabic,11400000,1605101022,5063,Howto & Style,2018
919,920,MyLifeAsEva,11400000,1534278655,326,Comedy,2011
920,921,GoldminesAction,11400000,1069320125,529,Film & Animation,2015
921,922,Free Fire India Official,11300000,1389660530,1117,People & Blogs,2018
922,923,Colors Rishtey,11300000,8954781989,13423,Entertainment,2013
923,924,Yoeslan,11300000,8789109127,240,Entertainment,2020
924,925,POCOYÓ en ESPAÑOL - Canal Oficial,11300000,8388840225,1538,Film & Animation,2007
925,926,Lil Wayne,11300000,5335786775,254,Music,2013
926,927,elcarteldesantatv,11300000,6261374873,313,Music,2008
927,928,Star Casablanca | نجوم الدار البيضاء,11300000,5129031730,998,Music,2015
928,929,UnspeakableGaming,11300000,4826278522,2444,Gaming,2012
929,930,Maymo,11300000,4918241216,486,Pets & Animals,2006
930,931,Simone e Simaria,11300000,4474548691,224,Music,2012
931,932,Single Track Studio,11300000,4462580470,1719,Entertainment,2010
932,933,CaptainSparklez,11300000,3924274232,5501,Gaming,2010
933,934,Tiana,11300000,3176486598,997,Entertainment,2015
934,935,Quantum Tech HD,11300000,3594122308,392,Science & Technology,2015
935,936,Ya - Alisa,11300000,2127059635,332,People & Blogs,2015
936,937,Jaiden Animations,11300000,2116631957,101,Film & Animation,2014
937,938,Ben Azelart,11300000,2294003189,236,Film & Animation,2014
938,939,Yoga With Adriene,11300000,1188547722,649,Howto & Style,2012
939,940,The Viral Fever,11200000,1656301737,433,Entertainment,2011
940,941,Lofi Girl,11200000,1311726533,328,Music,2015
941,942,Marta and Rustam,11200000,12481668186,390,Comedy,2021
942,943,ChainsmokersVEVO,11200000,11415809929,231,Music,2012
943,944,"せんももあいしーCh Sen, Momo, Ai & Shii",11200000,7625038147,3216,People & Blogs,2006
944,945,AlArabiya العربية,11200000,5892643162,129135,People & Blogs,2006
945,946,DemiLovatoVEVO,11200000,5543363992,201,Music,2009
946,947,Cut,11200000,4846700433,1738,Entertainment,2014
947,948,Toys Make Me Smile,11200000,4562854224,102,Entertainment,2015
948,949,Franco Escamilla,11200000,3344578049,2053,Comedy,2007
949,950,Avocado Couple I Crazy Comics,11200000,3138496496,660,Film & Animation,2018
950,951,Fortnite,11200000,2123231155,792,Gaming,2014
951,952,luzugames,11200000,1978138747,2882,Gaming,2013
952,953,Magic Five,11200000,1753589438,405,Entertainment,2016
953,954,El Rincón De Giorgio,11200000,1543663972,551,Entertainment,2013
954,955,Pastor Antônio Júnior,11200000,1646248092,3624,People & Blogs,2013
955,956,CarryisLive,11200000,1371995657,893,Gaming,2017
956,957,MaJa Tv Moral Stories Fairy Tales,11100000,4132213251,449,Entertainment,2017
957,958,FunToys Collector Disney Toys Review,11100000,15050447314,2910,Entertainment,2011
958,959,DisneyJuniorUK,11100000,12321708693,2799,Entertainment,2010
959,960,Morphle TV,11100000,7586526902,1126,Entertainment,2011
961,962,Chotoonz TV - Funny Cartoons for Kids,11100000,7015448647,1797,Film & Animation,2013
962,963,penguinz0,11100000,5768785195,3952,Gaming,2007
963,964,ToysPlay,11100000,7000333135,397,Entertainment,2015
964,965,Pari's Lifestyle,11100000,6680703649,356,People & Blogs,2018
965,966,Comedy Central,11100000,6297139999,5841,Comedy,2006
967,968,Sky Does Everything,11100000,3823868578,2101,Music,2011
968,969,BakLol Video,11100000,3250851179,257,Entertainment,2016
969,970,Genius,11100000,2891052624,2797,Music,2011
970,971,Mo Vlogs,11100000,2933099311,1906,People & Blogs,2013
971,972,The Film Theorists,11100000,2242892562,355,Film & Animation,2014
972,973,bharatzkitchen HINDI,11100000,1903304025,626,Howto & Style,2016
973,974,Mrwhosetheboss,11100000,1793692542,1435,Science & Technology,2011
974,975,Acenix,11100000,1606057806,259,Gaming,2014
975,976,HellomaphieMX,11100000,1584174173,382,Howto & Style,2013
976,977,Virgínia Fonseca,11100000,1246793263,1047,People & Blogs,2016
978,979,Barbie,11000000,3703938514,2411,Entertainment,2005
979,980,Inside Edition,11000000,19367966533,27156,News & Politics,2012
980,981,Flowers Comedy,11000000,9521653019,8840,Entertainment,2015
981,982,Flamingo,11000000,8874980800,2196,Gaming,2017
982,983,Doja Cat,11000000,5459891400,25,Music,2018
983,984,Tyga,11000000,5211071220,160,Music,2009
985,986,Emily Tube,11000000,4040393626,770,Entertainment,2014
986,987,ExplosmEntertainment,11000000,3685664468,1048,Comedy,2009
987,988,Coisa de Nerd,11000000,3419435728,1962,Gaming,2009
988,989,Taylor RS,11000000,3306502621,1845,Gaming,2016
989,990,unknown boy varun,11000000,3263285883,193,Music,2016
990,991,Viih Tube,11000000,886497694,505,People & Blogs,2013
991,992,OYUNCAKOYNUYORUM,10900000,9948474904,791,Entertainment,2016
992,993,Brancoala,10900000,7934725886,1685,Entertainment,2008
993,994,핑크퐁 (인기 동요・동화),10900000,6663450148,2726,Education,2014
994,995,OGGY,10900000,5589104660,920,Film & Animation,2014
995,996,JP Plays,10900000,4609300218,3528,Gaming,2014
996,997,TrapMusicHDTV,10900000,4070521973,690,Music,2013
997,998,Games EduUu,10900000,3093784767,1006,Gaming,2011
998,999,Hueva,10900000,3040301750,831,Gaming,2012
999,1000,Dobre Brothers,10900000,2808411693,590,People & Blogs,2017
